peid,depart_date
1,2018-04-27 23:05:22
2,2015-05-10 11:47:27
3,2011-08-31 22:37:39
4,2018-01-04 02:06:45
5,2019-07-04 19:21:17
6,2018-03-14 04:02:30
7,2020-10-28 11:03:15
8,2017-06-22 03:02:33
9,2021-07-23 06:38:09
10,2021-01-15 20:51:43
11,2020-11-25 15:33:55
12,2020-09-27 19:13:59
13,2020-04-18 14:55:23
14,2020-09-22 07:26:05
15,2011-09-01 20:14:47
16,2017-08-14 23:05:05
17,2020-08-05 06:47:53
18,2021-05-21 02:54:41
19,2019-11-02 09:44:20
20,2019-03-18 16:50:34
21,2014-08-20 11:11:52
22,2011-06-15 00:10:17
23,2020-10-17 21:39:29
24,2020-10-30 22:23:51
25,2012-10-02 14:09:47
26,2020-09-11 11:02:39
27,2019-02-09 09:54:03
28,2012-02-29 03:03:56
29,2021-01-14 12:39:51
30,2021-04-01 20:48:52
31,2021-06-20 03:58:24
32,2019-03-28 20:58:50
33,2017-02-03 18:22:26
34,2019-08-11 15:39:42
35,2010-09-30 22:59:32
36,2021-02-05 11:25:59
37,2016-04-28 00:04:22
38,2010-03-26 22:25:32
39,2019-10-26 12:41:41
40,2021-09-20 18:08:36
41,2017-01-09 03:15:19
42,2020-11-13 09:40:38
43,2013-08-05 04:55:56
44,2017-02-26 19:31:51
45,2017-06-01 19:31:24
46,2019-03-03 01:19:42
47,2017-02-24 21:46:47
48,2016-07-22 20:19:47
49,2021-01-15 04:23:52
50,2020-12-09 05:22:08
51,2021-05-13 19:34:14
52,2021-07-04 18:01:32
53,2021-01-12 06:15:54
54,2011-11-27 02:57:04
55,2021-04-22 02:50:58
56,2015-05-27 11:14:41
57,2015-04-24 18:12:55
58,2015-08-27 10:56:41
59,2012-01-24 07:24:51
60,2017-06-17 10:01:53
61,2021-09-01 12:10:36
62,2018-02-08 18:10:36
63,2020-09-28 10:08:02
64,2021-06-11 03:28:19
65,2020-09-21 21:52:03
66,2014-02-14 19:30:27
67,2015-06-01 20:20:34
68,2016-01-07 17:22:44
69,2018-07-13 13:45:18
70,2013-06-28 23:27:05
71,2021-01-13 08:54:34
72,2021-07-06 06:26:23
73,2014-11-24 04:51:12
74,2017-02-18 06:52:37
75,2021-06-17 22:20:20
76,2021-07-09 03:24:01
77,2019-05-25 11:35:23
78,2021-05-18 17:06:56
79,2012-06-27 19:57:49
80,2013-11-01 14:56:51
81,2020-11-24 03:02:28
82,2013-11-28 00:22:08
83,2012-11-22 22:01:52
84,2015-04-25 20:44:18
85,2014-10-28 07:34:07
86,2018-02-28 05:42:52
87,2020-10-13 23:41:42
88,2018-09-16 14:26:47
89,2021-01-17 06:44:22
90,2020-10-02 06:18:57
91,2021-06-08 05:51:34
92,2011-07-14 16:06:27
93,2020-08-17 01:52:38
94,2020-11-30 19:21:56
95,2010-09-07 23:05:28
96,2013-10-11 14:24:05
97,2017-07-16 07:10:27
98,2021-01-19 01:07:33
99,2017-07-31 10:23:40
100,2021-04-14 13:13:42
101,2019-04-08 04:19:00
102,2021-04-29 01:47:30
103,2021-06-16 07:24:46
104,2014-08-12 22:29:25
105,2021-03-03 13:42:59
106,2017-11-14 17:38:09
107,2011-03-19 17:02:22
108,2015-01-25 09:18:14
109,2021-06-03 11:29:20
110,2016-05-23 19:32:58
111,2017-12-03 06:32:09
112,2013-07-21 11:20:39
113,2011-02-13 01:37:34
114,2018-08-13 09:30:44
115,2021-03-14 15:34:41
116,2020-12-11 22:55:56
117,2021-03-01 03:10:00
118,2013-03-13 21:55:37
119,2016-10-13 08:24:52
120,2014-09-28 09:47:07
121,2020-08-18 16:17:37
122,2012-01-06 07:20:57
123,2017-01-09 02:31:36
124,2021-06-20 02:01:29
125,2010-09-25 06:48:46
126,2014-02-23 15:40:21
127,2021-07-26 06:06:08
128,2020-05-09 13:47:05
129,2020-10-26 18:43:58
130,2016-03-13 02:31:15
131,2021-08-07 18:37:12
132,2020-11-10 09:54:44
133,2021-01-29 10:52:39
134,2019-03-07 02:53:43
135,2013-10-08 18:23:43
136,2021-08-06 13:20:29
137,2021-02-21 23:35:09
138,2021-06-12 09:10:43
139,2014-05-28 13:54:04
140,2021-06-07 01:28:49
141,2021-06-24 20:59:58
142,2011-03-16 17:49:35
143,2021-05-26 14:38:54
144,2014-05-03 07:14:14
145,2020-09-23 19:24:42
146,2020-10-30 16:30:47
147,2020-09-25 17:11:58
148,2020-12-17 16:09:58
149,2021-06-26 15:35:53
150,2021-02-10 12:03:18
151,2020-05-05 18:14:58
152,2013-03-12 05:27:38
153,2021-04-30 20:02:07
154,2020-11-23 13:01:20
155,2015-07-15 15:22:35
156,2021-06-05 00:53:17
157,2020-09-13 21:40:55
158,2012-11-06 03:14:21
159,2020-12-06 05:04:02
160,2019-07-03 22:14:52
161,2010-01-18 15:43:36
162,2020-04-07 00:22:20
163,2020-11-25 15:58:43
164,2021-01-02 22:36:36
165,2019-08-03 17:35:20
166,2021-07-08 21:20:26
167,2021-04-28 17:01:25
168,2015-06-11 08:51:17
169,2021-05-15 16:18:52
170,2021-02-03 20:31:04
171,2014-04-05 03:03:51
172,2016-05-27 18:22:59
173,2016-09-19 16:32:35
174,2015-09-21 23:00:25
175,2012-08-04 18:05:29
176,2021-02-13 21:33:33
177,2017-03-06 00:06:48
178,2016-01-08 13:48:50
179,2017-03-22 05:49:56
180,2021-01-09 12:21:48
181,2015-03-08 13:33:18
182,2018-11-30 14:59:08
183,2021-08-02 07:30:03
184,2010-10-10 22:57:26
185,2015-11-07 22:15:19
186,2012-06-30 00:13:33
187,2021-02-08 22:11:50
188,2021-02-26 13:30:30
189,2019-07-18 13:28:18
190,2021-03-09 13:58:27
191,2016-09-16 22:29:04
192,2017-07-06 06:59:10
193,2021-06-16 06:22:30
194,2020-12-02 20:07:47
195,2017-01-20 12:26:03
196,2015-05-03 07:07:39
197,2021-03-06 16:32:23
198,2015-10-06 11:04:59
199,2021-06-07 17:10:52
200,2011-11-14 05:12:49
201,2021-08-06 03:51:22
202,2013-02-03 03:21:53
203,2021-06-04 09:14:03
204,2020-11-17 14:51:11
205,2016-04-08 13:08:10
206,2018-03-15 18:55:48
207,2015-06-17 20:53:05
208,2018-11-30 13:58:58
209,2021-01-22 05:09:12
210,2021-03-04 12:25:38
211,2020-10-02 04:07:07
212,2011-04-22 03:31:00
213,2021-05-05 19:48:37
214,2021-01-23 15:03:58
215,2021-01-20 21:38:04
216,2021-06-10 03:39:21
217,2020-10-20 23:33:13
218,2020-12-28 20:11:02
219,2013-08-22 03:03:00
220,2020-04-29 00:03:01
221,2011-08-30 18:03:17
222,2020-09-27 01:32:29
223,2014-01-02 21:51:38
224,2019-10-24 17:56:56
225,2021-05-08 20:12:13
226,2020-12-22 23:45:29
227,2021-08-29 14:27:51
228,2021-07-24 23:01:57
229,2021-08-27 02:36:15
230,2012-02-25 03:02:41
231,2021-06-29 11:17:07
232,2011-02-18 22:17:41
233,2017-04-28 18:36:19
234,2021-01-24 20:28:29
235,2014-05-06 07:09:38
236,2015-07-27 03:09:43
237,2013-09-19 01:56:27
238,2015-08-01 12:47:43
239,2013-12-29 03:36:19
240,2013-09-17 17:07:38
241,2011-04-27 05:26:19
242,2017-02-17 21:10:18
243,2020-05-06 04:08:48
244,2017-10-04 18:37:17
245,2020-10-06 03:54:46
246,2021-05-03 13:37:06
247,2014-05-22 14:14:04
248,2010-05-20 12:04:09
249,2016-09-07 14:11:17
250,2020-12-12 21:50:43
251,2020-10-05 19:47:14
252,2011-05-12 07:01:16
253,2021-02-18 15:17:13
254,2015-05-01 04:36:05
255,2020-04-15 20:02:38
256,2020-01-12 21:10:53
257,2014-06-13 22:03:30
258,2020-05-19 03:29:05
259,2017-08-20 21:04:54
260,2013-10-08 01:55:15
261,2021-02-18 20:59:01
262,2014-10-25 14:37:30
263,2010-11-16 01:29:47
264,2020-09-28 16:11:26
265,2020-12-27 00:14:32
266,2021-08-31 15:47:15
267,2020-05-18 20:14:28
268,2021-08-26 12:47:30
269,2019-07-08 01:38:10
270,2021-09-04 02:03:42
271,2015-07-06 08:21:17
272,2020-11-21 21:16:40
273,2013-08-07 13:42:00
274,2011-09-06 03:18:10
275,2017-03-18 20:50:04
276,2011-03-21 07:21:29
277,2021-02-06 13:23:17
278,2015-12-03 09:04:13
279,2013-04-23 10:10:16
280,2021-02-26 14:39:24
281,2021-07-17 22:25:31
282,2020-11-20 06:03:40
283,2020-09-28 17:36:59
284,2020-11-20 08:05:35
285,2017-05-16 15:40:46
286,2013-04-15 15:18:40
287,2011-07-02 14:06:50
288,2020-12-10 18:23:32
289,2021-02-05 01:33:28
290,2021-07-13 17:48:33
291,2013-06-24 23:23:40
292,2017-01-21 19:35:34
293,2020-07-11 13:40:16
294,2011-01-07 06:01:22
295,2012-12-03 17:42:50
296,2021-01-16 15:31:14
297,2020-07-06 11:41:06
298,2018-08-06 18:21:44
299,2016-05-03 09:37:31
300,2018-10-03 10:03:39
301,2015-05-15 22:32:20
302,2015-09-17 17:56:33
303,2021-04-03 08:30:06
304,2020-12-19 18:13:05
305,2011-09-13 02:00:36
306,2010-02-07 15:15:26
307,2013-01-18 08:24:13
308,2021-05-18 14:50:26
309,2021-05-19 13:51:15
310,2021-06-03 08:39:04
311,2021-06-30 18:09:34
312,2020-09-12 12:04:52
313,2014-05-12 04:34:28
314,2012-06-04 08:21:47
315,2017-02-26 18:42:12
316,2018-08-06 23:44:11
317,2019-01-07 14:50:54
318,2021-05-06 03:51:06
319,2015-06-25 15:51:56
320,2021-06-23 12:34:44
321,2014-06-20 09:29:04
322,2015-10-14 04:12:50
323,2020-10-25 20:15:26
324,2012-02-08 13:07:44
325,2016-04-03 07:04:38
326,2020-12-20 06:31:59
327,2011-05-25 05:46:30
328,2019-07-24 11:49:01
329,2021-07-28 21:35:19
330,2021-01-09 07:25:42
331,2020-11-22 08:42:18
332,2012-08-02 16:09:23
333,2020-07-24 18:25:05
334,2020-11-29 16:13:29
335,2010-11-15 23:44:09
336,2021-04-04 01:02:09
337,2017-12-19 23:14:29
338,2021-03-10 15:57:29
339,2017-06-12 18:38:29
340,2021-08-28 17:29:51
341,2019-04-20 17:52:59
342,2010-09-29 06:00:04
343,2019-03-18 18:16:06
344,2015-06-28 11:07:19
345,2011-09-04 13:12:21
346,2021-02-02 18:47:16
347,2016-02-24 05:19:45
348,2018-12-09 10:29:06
